tconst,titleType,startYear
tt8470494,movie,2018.0
tt8470578,movie,2018.0
tt8470582,movie,2010.0
tt8470668,movie,2019.0
tt8470756,movie,2009.0
tt8470866,movie,2017.0
tt8471176,movie,2018.0
tt8471366,movie,2010.0
tt8471380,movie,2018.0
tt8471480,movie,2018.0
tt8471658,movie,2018.0
tt8472870,movie,2018.0
tt8472964,movie,2018.0
tt8473530,movie,2015.0
tt8473532,movie,2018.0
tt8473558,movie,2016.0
tt8473582,movie,2019.0
tt8473590,movie,2016.0
tt8473626,movie,2016.0
tt8473628,movie,2018.0
tt8473642,movie,2018.0
tt8473800,movie,2018.0
tt8474016,movie,2018.0
tt8474088,movie,2008.0
tt8474090,movie,2016.0
tt8474092,movie,2019.0
tt8474106,movie,2008.0
tt8474284,movie,2019.0
tt8474326,movie,2002.0
tt8474338,movie,2018.0
tt8474362,movie,2018.0
tt8474782,movie,2018.0
tt8474974,movie,2018.0
tt8475490,movie,2018.0
tt8475520,movie,2018.0
tt8475528,movie,2018.0
tt8475574,movie,2018.0
tt8475602,movie,2018.0
tt8475882,movie,2017.0
tt8475966,movie,2013.0
tt8476114,movie,2018.0
tt8476138,movie,2018.0
tt8476174,movie,2018.0
tt8476266,movie,2018.0
tt8476276,movie,2018.0
tt8476314,movie,2018.0
tt8476324,movie,2018.0
tt8476620,movie,2016.0
tt8476632,movie,2015.0
tt8476998,movie,2018.0
tt8477018,movie,2010.0
tt8477144,movie,2014.0
tt8477474,movie,2017.0
tt8477522,movie,2018.0
tt8477582,movie,2018.0
tt8477710,movie,2018.0
tt8477884,movie,2018.0
tt8477900,movie,2013.0
tt8477928,movie,2018.0
tt8478000,movie,2018.0
tt8478052,movie,2018.0
tt8478058,movie,2018.0
tt8478098,movie,2018.0
tt8478106,movie,2018.0
tt8478114,movie,2018.0
tt8478132,movie,2019.0
tt8478236,movie,2018.0
tt8478244,movie,2018.0
tt8478382,movie,2018.0
tt8478386,movie,2016.0
tt8478602,movie,2018.0
tt8478746,movie,2017.0
tt8478770,movie,2018.0
tt8478980,movie,2018.0
tt8479046,movie,2018.0
tt8479108,movie,2018.0
tt8479134,movie,2018.0
tt8479174,movie,2018.0
tt8479240,movie,2018.0
tt8479342,movie,2019.0
tt8479346,movie,2018.0
tt8479442,movie,2018.0
tt8479614,movie,2007.0
tt8479684,movie,2007.0
tt8479688,movie,2018.0
tt8479696,movie,2018.0
tt8479766,movie,2005.0
tt8479910,movie,2018.0
tt8479986,movie,2015.0
tt8479990,movie,2018.0
tt8480006,movie,2018.0
tt8480368,movie,2018.0
tt8480452,movie,2018.0
tt8480486,movie,2016.0
tt8480624,movie,2015.0
tt8480632,movie,2018.0
tt8480698,movie,2018.0
tt8480782,movie,2018.0
tt8480844,movie,2015.0
tt8480958,movie,2018.0
tt8480960,movie,2018.0
tt8480982,movie,2018.0
tt8481132,movie,2017.0
tt8481254,movie,2018.0
tt8481360,movie,2019.0
tt8481386,movie,2018.0
tt8481472,movie,2017.0
tt8481480,movie,2018.0
tt8481752,movie,2017.0
tt8481758,movie,2009.0
tt8481926,movie,2018.0
tt8482008,movie,2018.0
tt8482074,movie,2018.0
tt8482674,movie,2008.0
tt8482708,movie,2018.0
tt8482764,movie,2018.0
tt8482838,movie,2018.0
tt8482974,movie,2018.0
tt8483272,movie,2019.0
tt8483452,movie,2016.0
tt8483464,movie,2018.0
tt8483482,movie,2017.0
tt8483558,movie,2018.0
tt8483812,movie,2018.0
tt8483908,movie,2018.0
tt8483922,movie,2011.0
tt8483942,movie,2019.0
tt8483946,movie,2016.0
tt8483968,movie,2018.0
tt8483980,movie,2018.0
tt8484012,movie,2019.0
tt8484036,movie,2018.0
tt8484038,movie,2018.0
tt8484182,movie,2018.0
tt8484230,movie,2018.0
tt8484252,movie,2019.0
tt8484254,movie,2018.0
tt8484370,movie,2018.0
tt8484408,movie,2018.0
tt8484582,movie,2018.0
tt8484586,movie,2018.0
tt8484590,movie,2018.0
tt8484614,movie,2018.0
tt8484632,movie,2018.0
tt8484926,movie,2019.0
tt8484930,movie,2016.0
tt8485098,movie,2018.0
tt8485230,movie,2018.0
tt8485248,movie,2018.0
tt8485358,movie,2017.0
tt8485364,movie,2019.0
tt8485388,movie,2017.0
tt8485398,movie,2019.0
tt8485426,movie,2017.0
tt8485446,movie,2018.0
tt8485448,movie,2018.0
tt8485452,movie,2018.0
tt8485462,movie,2018.0
tt8485518,movie,2018.0
tt8485526,movie,2018.0
tt8485548,movie,2018.0
tt8485596,movie,2008.0
tt8485638,movie,2019.0
tt8485642,movie,2014.0
tt8485648,movie,2018.0
tt8485772,movie,2018.0
tt8486162,movie,2018.0
tt8486236,movie,2018.0
tt8486240,movie,2017.0
tt8486294,movie,2018.0
tt8486296,movie,2017.0
tt8486464,movie,2018.0
tt8486890,movie,2018.0
tt8487048,movie,2016.0
tt8487160,movie,2018.0
tt8487512,movie,2018.0
tt8487580,movie,2018.0
tt8487606,movie,2018.0
tt8487690,movie,2018.0
tt8487732,movie,2018.0
tt8487848,movie,2018.0
tt8487852,movie,2018.0
tt8487866,movie,2007.0
tt8487902,movie,2007.0
tt8487906,movie,2013.0
tt8487960,movie,2012.0
tt8487970,movie,2018.0
tt8487978,movie,2018.0
tt8487988,movie,2017.0
tt8487990,movie,2014.0
tt8488046,movie,2016.0
tt8488108,movie,2018.0
tt8488248,movie,2018.0
tt8488276,movie,2018.0
tt8488282,movie,2018.0
tt8488332,movie,2012.0
tt8488334,movie,2018.0
tt8488370,movie,2018.0
tt8488466,movie,2018.0
tt8488468,movie,2018.0
tt8488522,movie,2018.0
tt8488578,movie,2018.0
tt8488588,movie,2018.0
tt8488714,movie,2019.0
tt8488746,movie,2016.0
tt8488764,movie,2018.0
tt8489066,movie,2019.0
tt8489090,movie,2018.0
tt8489104,movie,2018.0
tt8489300,movie,2018.0
tt8489356,movie,2007.0
tt8489558,movie,2018.0
tt8489728,movie,2018.0
tt8489732,movie,2018.0
tt8489798,movie,2018.0
tt8489848,movie,2018.0
tt8489868,movie,2018.0
tt8489884,movie,2018.0
tt8489886,movie,2015.0
tt8489890,movie,2018.0
tt8489906,movie,2019.0
tt8489916,movie,2018.0
tt8489940,movie,2018.0
tt8490200,movie,2018.0
tt8490202,movie,2018.0
tt8490228,movie,2018.0
tt8490248,movie,2018.0
tt8490254,movie,2018.0
tt8490266,movie,2018.0
tt8490272,movie,2018.0
tt8490276,movie,2018.0
tt8490336,movie,2018.0
tt8490516,movie,2018.0
tt8490530,movie,2018.0
tt8490534,movie,2018.0
tt8490658,movie,2018.0
tt8490728,movie,2015.0
tt8490730,movie,2018.0
tt8490744,movie,2018.0
tt8490766,movie,2016.0
tt8490820,movie,2018.0
tt8490838,movie,2018.0
tt8490860,movie,2018.0
tt8490872,movie,2018.0
tt8490876,movie,2018.0
tt8490886,movie,2018.0
tt8490894,movie,2018.0
tt8491012,movie,2018.0
tt8491110,movie,2018.0
tt8491170,movie,2018.0
tt8491178,movie,2018.0
tt8491220,movie,2018.0
tt8491226,movie,2018.0
tt8491396,movie,2018.0
tt8492176,movie,2018.0
tt8492340,movie,2014.0
tt8492512,movie,2018.0
tt8492566,movie,2018.0
tt8492572,movie,2018.0
tt8492672,movie,2018.0
tt8492826,movie,2019.0
tt8492844,movie,2018.0
tt8492874,movie,2018.0
tt8492940,movie,2018.0
tt8493028,movie,2018.0
tt8493032,movie,2018.0
tt8493134,movie,2018.0
tt8493136,movie,2018.0
tt8493156,movie,2018.0
tt8493166,movie,2018.0
tt8493176,movie,2018.0
tt8493238,movie,2019.0
tt8493250,movie,2010.0
tt8493394,movie,2011.0
tt8493414,movie,2018.0
tt8493472,movie,2018.0
tt8493678,movie,2005.0
tt8493694,movie,2018.0
tt8493776,movie,2017.0
tt8493778,movie,2018.0
tt8493804,movie,2018.0
tt8493810,movie,2019.0
tt8493972,movie,2019.0
tt8494270,movie,2018.0
tt8494374,movie,2017.0
tt8495010,movie,2016.0
tt8495104,movie,2019.0
tt8495156,movie,2018.0
tt8495182,movie,2017.0
tt8495202,movie,2018.0
tt8495222,movie,2018.0
tt8495242,movie,2018.0
tt8495432,movie,2018.0
tt8495448,movie,2018.0
tt8495492,movie,2017.0
tt8495494,movie,2017.0
tt8495520,movie,2018.0
tt8495526,movie,2017.0
tt8495534,movie,2018.0
tt8495546,movie,2018.0
tt8495554,movie,2018.0
tt8495600,movie,2018.0
tt8495626,movie,2018.0
tt8495628,movie,2018.0
tt8495660,movie,2018.0
tt8495662,movie,2018.0
tt8495708,movie,2018.0
tt8495730,movie,2018.0
tt8495858,movie,2018.0
tt8495908,movie,2018.0
tt8495910,movie,2018.0
tt8496020,movie,2018.0
tt8496036,movie,2018.0
tt8496038,movie,2017.0
tt8496264,movie,2019.0
tt8496414,movie,2018.0
tt8496418,movie,2018.0
tt8496524,movie,2019.0
tt8496536,movie,2018.0
tt8496538,movie,2017.0
tt8496548,movie,2014.0
tt8496604,movie,2018.0
tt8496724,movie,2018.0
tt8496784,movie,2018.0
tt8497056,movie,2011.0
tt8497278,movie,2018.0
tt8497440,movie,2018.0
tt8497548,movie,2018.0
tt8497740,movie,2013.0
tt8497750,movie,2018.0
tt8497760,movie,2019.0
tt8497762,movie,2018.0
tt8497780,movie,2018.0
tt8497794,movie,2018.0
tt8497802,movie,2018.0
tt8497822,movie,2018.0
tt8497924,movie,2017.0
tt8498042,movie,2018.0
tt8498090,movie,2018.0
tt8498136,movie,2011.0
tt8498184,movie,2018.0
tt8498198,movie,2018.0
tt8498208,movie,2018.0
tt8498324,movie,2018.0
tt8498366,movie,2018.0
tt8498484,movie,2018.0
tt8498678,movie,2016.0
tt8498770,movie,2006.0
tt8498812,movie,2018.0
tt8499078,movie,2014.0
tt8499102,movie,2018.0
tt8499198,movie,2018.0
tt8499212,movie,2018.0
tt8499312,movie,2016.0
tt8499638,movie,2019.0
tt8499656,movie,2019.0
tt8499724,movie,2008.0
tt8499736,movie,2007.0
tt8499740,movie,2013.0
tt8499746,movie,2015.0
tt8499804,movie,2017.0
tt8499810,movie,2018.0
tt8499814,movie,2018.0
tt8499816,movie,2018.0
tt8499822,movie,2018.0
tt8499844,movie,2018.0
tt8499848,movie,2018.0
tt8499860,movie,2018.0
tt8499954,movie,2015.0
tt8499972,movie,2016.0
tt8500038,movie,2018.0
tt8500042,movie,2018.0
tt8500060,movie,2018.0
tt8500194,movie,2015.0
tt8500300,movie,2016.0
tt8500788,movie,2018.0
tt8501292,movie,2011.0
tt8501318,movie,2018.0
tt8501544,movie,2008.0
tt8501666,movie,2017.0
tt8501696,movie,2019.0
tt8501930,movie,2017.0
tt8501950,movie,2019.0
tt8502372,movie,2007.0
tt8502412,movie,2018.0
tt8502580,movie,2019.0
tt8502616,movie,2018.0
tt8502752,movie,2017.0
tt8502776,movie,2019.0
tt8502814,movie,2017.0
tt8502908,movie,2018.0
tt8502944,movie,2019.0
tt8503008,movie,2001.0
tt8503074,movie,2016.0
tt8503106,movie,2018.0
tt8503162,movie,2019.0
tt8503170,movie,2018.0
tt8503240,movie,2018.0
tt8503436,movie,2018.0
tt8503508,movie,2018.0
tt8503590,movie,2018.0
tt8503614,movie,2018.0
tt8503622,movie,2018.0
tt8504014,movie,2019.0
tt8504046,movie,2018.0
tt8504860,movie,2016.0
tt8504976,movie,2013.0
tt8504986,movie,2017.0
tt8505076,movie,2006.0
tt8505258,movie,2017.0
tt8505284,movie,2018.0
tt8505314,movie,2019.0
tt8505360,movie,2018.0
tt8505492,movie,2017.0
tt8505510,movie,2018.0
tt8505540,movie,2018.0
tt8505586,movie,2018.0
tt8505764,movie,2018.0
tt8505942,movie,2018.0
tt8505966,movie,2018.0
tt8505994,movie,2017.0
tt8506120,movie,2019.0
tt8506500,movie,2019.0
tt8506670,movie,2018.0
tt8506730,movie,2004.0
tt8506770,movie,2018.0
tt8506788,movie,2018.0
tt8506840,movie,2018.0
tt8506874,movie,2018.0
tt8506916,movie,2015.0
tt8507086,movie,2018.0
tt8507176,movie,2018.0
tt8507202,movie,2018.0
tt8507208,movie,2018.0
tt8507312,movie,2018.0
tt8507344,movie,2018.0
tt8507348,movie,2018.0
tt8507366,movie,2017.0
tt8507434,movie,2010.0
tt8507438,movie,2018.0
tt8507450,movie,2018.0
tt8507454,movie,2000.0
tt8507456,movie,2018.0
tt8507508,movie,2018.0
tt8507526,movie,2017.0
tt8507530,movie,2018.0
tt8507552,movie,2018.0
tt8507564,movie,2018.0
tt8507586,movie,2011.0
tt8507670,movie,2018.0
tt8507674,movie,2018.0
tt8507712,movie,2017.0
tt8507892,movie,2015.0
tt8507952,movie,2018.0
tt8507982,movie,2018.0
tt8508332,movie,2018.0
tt8508524,movie,2011.0
tt8508676,movie,2010.0
tt8508720,movie,2010.0
tt8508734,movie,2019.0
tt8508888,movie,2014.0
tt8509004,movie,2018.0
tt8509064,movie,2018.0
tt8509078,movie,2017.0
tt8509238,movie,2020.0
tt8509242,movie,2018.0
tt8509246,movie,2018.0
tt8509342,movie,2018.0
tt8509800,movie,2014.0
tt8510070,movie,2018.0
tt8510082,movie,2018.0
tt8510196,movie,2018.0
tt8510204,movie,2018.0
tt8510206,movie,2018.0
tt8510276,movie,2006.0
tt8510324,movie,2018.0
tt8510374,movie,2018.0
tt8510380,movie,2018.0
tt8510414,movie,2018.0
tt8510488,movie,2019.0
tt8510518,movie,2018.0
tt8510550,movie,2018.0
tt8510560,movie,2018.0
tt8510586,movie,2016.0
tt8510614,movie,2018.0
tt8510636,movie,2017.0
tt8510674,movie,2018.0
tt8511274,movie,2018.0
tt8511530,movie,2018.0
tt8511726,movie,2018.0
tt8511850,movie,2018.0
tt8511854,movie,2018.0
tt8511902,movie,2005.0
tt8511908,movie,2006.0
tt8511922,movie,2018.0
tt8511930,movie,2011.0
tt8512104,movie,2014.0
tt8512112,movie,2012.0
tt8512120,movie,2018.0
tt8512150,movie,2012.0
tt8512238,movie,2012.0
tt8512278,movie,2012.0
tt8512314,movie,2018.0
tt8512320,movie,2018.0
tt8512322,movie,2018.0
tt8512330,movie,2018.0
tt8512372,movie,2018.0
tt8512390,movie,2018.0
tt8512438,movie,2018.0
tt8512440,movie,2018.0
tt8512456,movie,2018.0
tt8512640,movie,2018.0
tt8512642,movie,2018.0
tt8512676,movie,2018.0
tt8512694,movie,2018.0
tt8512746,movie,2018.0
tt8512952,movie,2018.0
tt8512986,movie,2018.0
tt8513032,movie,2018.0
tt8513044,movie,2018.0
tt8513070,movie,2011.0
tt8513178,movie,2018.0
tt8513302,movie,2018.0
tt8513320,movie,2018.0
tt8513410,movie,2018.0
tt8513830,movie,2018.0
tt8514324,movie,2018.0
tt8514492,movie,2014.0
tt8514504,movie,2018.0
tt8514508,movie,2018.0
tt8514528,movie,2018.0
tt8514564,movie,2018.0
tt8514598,movie,2018.0
tt8514632,movie,2018.0
tt8514690,movie,2018.0
tt8514696,movie,2019.0
tt8514706,movie,2018.0
tt8514740,movie,2019.0
tt8514766,movie,2018.0
tt8514816,movie,2017.0
tt8514874,movie,2018.0
tt8515088,movie,2018.0
tt8515090,movie,2018.0
tt8515102,movie,2018.0
tt8515108,movie,2018.0
tt8515132,movie,2018.0
tt8515154,movie,2018.0
tt8515186,movie,2015.0
tt8515258,movie,2018.0
tt8515302,movie,2018.0
tt8515368,movie,2017.0
tt8515442,movie,2018.0
tt8515504,movie,2018.0
tt8515516,movie,2018.0
tt8515644,movie,2013.0
tt8515654,movie,2017.0
tt8515700,movie,2019.0
tt8515750,movie,2018.0
tt8515802,movie,2018.0
tt8515806,movie,2018.0
tt8515880,movie,2019.0
tt8516120,movie,2016.0
tt8516130,movie,2017.0
tt8516398,movie,2018.0
tt8516550,movie,2018.0
tt8516602,movie,2018.0
tt8516632,movie,2018.0
tt8516768,movie,2012.0
tt8516884,movie,2012.0
tt8516902,movie,2017.0
tt8516962,movie,2012.0
tt8517004,movie,2018.0
tt8517012,movie,2016.0
tt8517044,movie,2012.0
tt8517072,movie,2012.0
tt8517144,movie,2018.0
tt8517192,movie,2005.0
tt8517194,movie,2018.0
tt8517236,movie,2018.0
tt8517242,movie,2018.0
tt8517272,movie,2018.0
tt8517278,movie,2018.0
tt8517350,movie,2018.0
tt8517480,movie,2018.0
tt8517540,movie,2004.0
tt8517542,movie,2018.0
tt8517584,movie,2017.0
tt8517606,movie,2014.0
tt8517640,movie,2019.0
tt8517648,movie,2018.0
tt8517674,movie,2007.0
tt8517678,movie,2005.0
tt8517680,movie,2009.0
tt8517692,movie,2018.0
tt8517704,movie,2018.0
tt8517720,movie,2018.0
tt8517736,movie,2018.0
tt8517790,movie,2018.0
tt8518260,movie,2019.0
tt8518284,movie,2018.0
tt8518464,movie,2018.0
tt8518920,movie,2017.0
tt8519072,movie,2016.0
tt8519258,movie,2019.0
tt8519574,movie,2009.0
tt8519576,movie,2019.0
tt8520144,movie,2018.0
tt8520380,movie,2018.0
tt8520458,movie,2018.0
tt8520614,movie,2018.0
tt8520966,movie,2018.0
tt8520982,movie,2018.0
tt8521004,movie,2018.0
tt8521014,movie,2018.0
tt8521050,movie,2018.0
tt8521130,movie,2018.0
tt8521134,movie,2018.0
tt8521166,movie,2018.0
tt8521204,movie,2018.0
tt8521378,movie,2018.0
tt8521404,movie,2018.0
tt8521424,movie,2018.0
tt8521454,movie,2019.0
tt8521458,movie,2018.0
tt8521460,movie,2018.0
tt8521484,movie,2018.0
tt8521500,movie,2018.0
tt8521502,movie,2018.0
tt8521506,movie,2018.0
tt8521508,movie,2018.0
tt8521582,movie,2013.0
tt8521584,movie,2017.0
tt8521590,movie,2018.0
tt8521642,movie,2018.0
tt8521656,movie,2018.0
tt8521762,movie,2018.0
tt8521766,movie,2018.0
tt8521786,movie,2018.0
tt8521964,movie,2018.0
tt8521996,movie,2017.0
tt8522038,movie,2019.0
tt8522056,movie,2007.0
tt8522216,movie,2018.0
tt8522218,movie,2018.0
tt8522432,movie,2018.0
tt8522584,movie,2018.0
tt8522820,movie,2018.0
tt8522832,movie,2018.0
tt8522844,movie,2018.0
tt8522952,movie,2018.0
tt8523022,movie,2019.0
tt8523028,movie,2019.0
tt8523050,movie,2014.0
tt8523116,movie,2018.0
tt8523126,movie,2018.0
tt8523182,movie,2018.0
tt8523218,movie,2003.0
tt8523292,movie,2018.0
tt8523304,movie,2013.0
tt8523334,movie,2019.0
tt8523376,movie,2010.0
tt8523598,movie,2016.0
tt8523636,movie,2018.0
tt8523730,movie,2018.0
tt8523802,movie,2019.0
tt8524146,movie,2018.0
tt8524164,movie,2018.0
tt8524318,movie,2018.0
tt8524590,movie,2005.0
tt8524650,movie,2019.0
tt8524746,movie,2018.0
tt8524904,movie,2017.0
tt8525070,movie,2019.0
tt8525178,movie,2008.0
tt8525338,movie,2018.0
tt8525356,movie,2018.0
tt8525414,movie,2016.0
tt8525482,movie,2018.0
tt8525518,movie,2014.0
tt8525540,movie,2018.0
tt8525556,movie,2018.0
tt8525560,movie,2018.0
tt8525682,movie,2018.0
tt8525796,movie,2018.0
tt8525846,movie,2017.0
tt8525864,movie,2018.0
tt8525958,movie,2018.0
tt8525974,movie,2017.0
tt8526000,movie,2018.0
tt8526010,movie,2018.0
tt8526036,movie,2016.0
tt8526074,movie,2018.0
tt8526164,movie,2018.0
tt8526272,movie,2018.0
tt8526282,movie,2018.0
tt8526290,movie,2018.0
tt8526312,movie,2018.0
tt8526316,movie,2018.0
tt8526320,movie,2019.0
tt8526344,movie,2018.0
tt8526422,movie,2019.0
tt8526506,movie,2017.0
tt8526530,movie,2018.0
tt8526576,movie,2018.0
tt8526590,movie,2006.0
tt8526824,movie,2018.0
tt8526906,movie,2018.0
tt8526982,movie,2018.0
tt8527354,movie,2017.0
tt8527936,movie,2018.0
tt8527954,movie,2018.0
tt8528124,movie,2018.0
tt8528174,movie,2018.0
tt8528176,movie,2018.0
tt8528214,movie,2009.0
tt8528230,movie,2018.0
tt8528236,movie,2018.0
tt8528332,movie,2018.0
tt8528334,movie,2018.0
tt8528352,movie,2018.0
tt8528388,movie,2014.0
tt8528400,movie,2010.0
tt8528484,movie,2003.0
tt8528490,movie,2018.0
tt8528494,movie,2004.0
tt8528530,movie,2018.0
tt8528546,movie,2018.0
tt8528674,movie,2018.0
tt8528782,movie,2017.0
tt8528786,movie,2007.0
tt8528790,movie,2017.0
tt8528794,movie,2018.0
tt8528798,movie,2018.0
tt8528826,movie,2018.0
tt8528864,movie,2018.0
tt8529066,movie,2018.0
tt8529070,movie,2018.0
tt8529134,movie,2018.0
tt8529186,movie,2018.0
tt8529208,movie,2018.0
tt8529218,movie,2018.0
tt8529296,movie,2018.0
tt8529310,movie,2018.0
tt8529450,movie,2018.0
tt8529484,movie,2018.0
tt8529512,movie,2018.0
tt8529638,movie,2018.0
tt8529690,movie,2018.0
tt8529772,movie,2018.0
tt8529994,movie,2018.0
tt8530176,movie,2018.0
tt8530324,movie,2018.0
tt8530376,movie,2017.0
tt8530496,movie,2017.0
tt8530600,movie,2018.0
tt8530732,movie,2018.0
tt8530796,movie,2018.0
tt8530808,movie,2018.0
tt8530832,movie,2018.0
tt8530836,movie,2018.0
tt8530866,movie,2018.0
tt8530898,movie,2018.0
tt8530904,movie,2018.0
tt8530934,movie,2018.0
tt8530948,movie,2018.0
tt8530978,movie,2019.0
tt8531006,movie,2019.0
tt8531042,movie,2018.0
tt8531044,movie,2018.0
tt8531060,movie,2018.0
tt8531186,movie,2018.0
tt8531206,movie,2018.0
tt8531242,movie,2018.0
tt8531246,movie,2018.0
tt8531248,movie,2017.0
tt8531250,movie,2018.0
tt8531252,movie,2018.0
tt8531262,movie,2018.0
tt8531464,movie,2019.0
tt8531504,movie,2018.0
tt8531618,movie,2018.0
tt8531650,movie,2019.0
tt8531740,movie,2018.0
tt8531746,movie,2019.0
tt8531794,movie,2017.0
tt8532026,movie,2018.0
tt8532152,movie,2017.0
tt8532534,movie,2018.0
tt8532782,movie,2018.0
tt8532808,movie,2018.0
tt8532812,movie,2018.0
tt8532814,movie,2018.0
tt8532820,movie,2015.0
tt8532858,movie,2018.0
tt8532954,movie,2018.0
tt8533260,movie,2013.0
tt8533300,movie,2018.0
tt8534294,movie,2018.0
tt8534934,movie,2016.0
tt8535366,movie,2017.0
tt8535472,movie,2018.0
tt8535546,movie,2018.0
tt8535618,movie,2017.0
tt8535732,movie,2018.0
tt8535774,movie,2017.0
tt8535794,movie,2018.0
tt8535798,movie,2018.0
tt8535818,movie,2018.0
tt8535848,movie,2018.0
tt8535852,movie,2018.0
tt8535868,movie,2018.0
tt8535968,movie,2019.0
tt8536034,movie,2013.0
tt8536224,movie,2004.0
tt8536568,movie,2018.0
tt8536930,movie,2016.0
tt8537018,movie,2016.0
tt8537408,movie,2018.0
tt8537490,movie,2018.0
tt8537496,movie,2018.0
tt8537558,movie,2018.0
tt8537562,movie,2018.0
tt8537592,movie,2018.0
tt8537614,movie,2019.0
tt8537630,movie,2018.0
tt8537640,movie,2018.0
tt8537758,movie,2018.0
tt8538552,movie,2019.0
tt8538720,movie,2018.0
tt8538974,movie,2018.0
tt8538984,movie,2016.0
tt8539012,movie,2014.0
tt8539084,movie,2017.0
tt8539280,movie,2019.0
tt8539316,movie,2018.0
tt8539348,movie,2018.0
tt8539500,movie,2018.0
tt8539512,movie,2018.0
tt8539782,movie,2017.0
tt8539796,movie,2019.0
tt8539818,movie,2018.0
tt8539858,movie,2017.0
tt8539876,movie,2018.0
tt8540100,movie,2018.0
tt8540196,movie,2014.0
tt8540428,movie,2018.0
tt8540608,movie,2018.0
tt8540762,movie,2017.0
tt8540778,movie,2015.0
tt8540824,movie,2008.0
tt8540846,movie,2014.0
tt8540928,movie,2017.0
tt8541044,movie,2018.0
tt8541132,movie,2018.0
tt8541138,movie,2018.0
tt8541230,movie,2014.0
tt8541302,movie,2018.0
tt8541354,movie,2017.0
tt8541408,movie,2016.0
tt8541416,movie,2017.0
tt8541440,movie,2018.0
tt8541460,movie,2015.0
tt8541694,movie,2017.0
tt8541812,movie,2015.0
tt8541826,movie,2018.0
tt8541830,movie,2016.0
tt8541842,movie,2017.0
tt8541914,movie,2018.0
tt8542054,movie,2014.0
tt8542144,movie,2018.0
tt8542154,movie,2017.0
tt8542162,movie,2018.0
tt8542168,movie,2016.0
tt8542190,movie,2018.0
tt8542272,movie,2019.0
tt8542278,movie,2018.0
tt8542280,movie,2015.0
tt8542472,movie,2017.0
tt8542664,movie,2016.0
tt8542722,movie,2018.0
tt8542864,movie,2018.0
tt8542928,movie,2018.0
tt8542992,movie,2017.0
tt8543094,movie,2018.0
tt8543182,movie,2018.0
tt8543242,movie,2009.0
tt8543292,movie,2017.0
tt8543372,movie,2018.0
tt8543388,movie,2018.0
tt8543412,movie,2017.0
tt8543428,movie,2018.0
tt8543454,movie,2013.0
tt8543470,movie,2018.0
tt8543490,movie,2004.0
tt8543826,movie,2016.0
tt8543902,movie,2017.0
tt8544072,movie,2017.0
tt8544084,movie,2018.0
tt8544108,movie,2018.0
tt8544138,movie,2018.0
tt8544172,movie,2018.0
tt8544220,movie,2019.0
tt8544316,movie,2008.0
tt8544336,movie,2018.0
tt8544350,movie,2019.0
tt8544372,movie,2018.0
tt8544520,movie,2017.0
tt8544568,movie,2019.0
tt8544596,movie,2016.0
tt8544614,movie,2018.0
tt8544670,movie,2018.0
tt8544702,movie,2004.0
tt8544710,movie,2018.0
tt8544966,movie,2018.0
tt8545056,movie,2019.0
tt8545060,movie,2018.0
tt8545072,movie,2018.0
tt8545180,movie,2008.0
tt8545232,movie,2018.0
tt8545272,movie,2018.0
tt8545352,movie,2018.0
tt8545356,movie,2018.0
tt8545394,movie,2018.0
tt8545396,movie,2018.0
tt8545408,movie,2019.0
tt8545442,movie,2018.0
tt8545468,movie,2018.0
tt8545634,movie,2018.0
tt8545950,movie,2017.0
tt8545990,movie,2009.0
tt8545998,movie,2006.0
tt8546008,movie,2005.0
tt8546144,movie,2018.0
tt8546176,movie,2017.0
tt8546240,movie,2017.0
tt8546266,movie,2018.0
tt8546386,movie,2012.0
tt8546392,movie,2018.0
tt8546408,movie,2018.0
tt8546412,movie,2018.0
tt8546414,movie,2019.0
tt8546416,movie,2018.0
tt8546434,movie,2018.0
tt8546454,movie,2004.0
tt8546506,movie,2018.0
tt8546710,movie,2018.0
tt8546712,movie,2018.0
tt8546738,movie,2017.0
tt8547004,movie,2013.0
tt8547132,movie,2009.0
tt8547560,movie,2018.0
tt8547662,movie,2018.0
tt8547668,movie,2019.0
tt8547736,movie,2018.0
tt8547768,movie,2019.0
tt8547914,movie,2016.0
tt8548016,movie,2017.0
tt8548024,movie,2018.0
tt8548032,movie,2005.0
tt8548036,movie,2018.0
tt8548076,movie,2017.0
tt8548172,movie,2018.0
tt8548282,movie,2018.0
tt8548600,movie,2018.0
tt8548664,movie,2018.0
tt8548708,movie,2018.0
tt8548740,movie,2000.0
tt8548792,movie,2018.0
tt8549364,movie,2018.0
tt8549446,movie,2019.0
tt8549482,movie,2018.0
tt8549510,movie,2017.0
tt8549516,movie,2018.0
tt8549586,movie,2018.0
tt8549702,movie,2018.0
tt8549740,movie,2004.0
tt8549744,movie,2018.0
tt8549798,movie,2006.0
tt8549902,movie,2018.0
tt8549946,movie,2019.0
tt8549972,movie,2008.0
tt8550014,movie,2003.0
tt8550054,movie,2019.0
tt8550086,movie,2018.0
tt8550180,movie,2016.0
tt8550188,movie,2014.0
tt8550208,movie,2019.0
tt8550244,movie,2013.0
tt8550248,movie,2018.0
tt8550264,movie,2017.0
tt8550274,movie,2017.0
tt8550276,movie,2018.0
tt8550314,movie,2018.0
tt8550322,movie,2012.0
tt8550576,movie,2011.0
tt8550652,movie,2018.0
tt8550878,movie,2018.0
tt8550884,movie,2018.0
tt8550964,movie,2018.0
tt8550978,movie,2012.0
tt8550988,movie,2015.0
tt8550992,movie,2016.0
tt8551054,movie,2018.0
tt8551114,movie,2014.0
tt8551134,movie,2018.0
tt8551248,movie,2018.0
tt8551250,movie,2007.0
tt8551264,movie,2018.0
tt8551336,movie,2018.0
tt8551348,movie,2018.0
tt8551394,movie,2018.0
tt8551438,movie,2018.0
tt8551474,movie,2018.0
tt8551480,movie,2018.0
tt8551518,movie,2016.0
tt8551552,movie,2018.0
tt8551562,movie,2013.0
tt8551680,movie,2018.0
tt8551696,movie,2018.0
tt8551744,movie,2018.0
tt8551784,movie,2018.0
tt8551868,movie,2018.0
tt8552406,movie,2018.0
tt8552836,movie,2018.0
tt8552858,movie,2017.0
tt8552878,movie,2018.0
tt8552902,movie,2018.0
tt8553078,movie,2018.0
tt8553104,movie,2018.0
tt8553134,movie,2018.0
tt8553192,movie,2018.0
tt8553340,movie,2018.0
tt8553676,movie,2018.0
tt8553876,movie,2019.0
tt8553964,movie,2000.0
tt8554138,movie,2018.0
tt8554256,movie,2018.0
tt8554320,movie,2018.0
tt8554336,movie,2019.0
tt8554406,movie,2018.0
tt8554412,movie,2007.0
tt8554462,movie,2019.0
tt8554826,movie,2018.0
tt8554874,movie,2018.0
tt8555082,movie,2015.0
tt8555140,movie,2017.0
tt8555228,movie,2018.0
tt8555260,movie,2018.0
tt8555270,movie,2006.0
tt8555274,movie,2018.0
tt8555446,movie,2017.0
tt8555488,movie,2018.0
tt8555506,movie,2018.0
tt8555576,movie,2018.0
tt8555602,movie,2017.0
tt8555626,movie,2018.0
tt8555820,movie,2018.0
tt8556014,movie,2018.0
tt8556340,movie,2018.0
tt8556530,movie,2020.0
tt8557122,movie,2017.0
tt8557350,movie,2018.0
tt8557832,movie,2018.0
tt8557904,movie,2018.0
tt8558184,movie,2018.0
tt8558204,movie,2018.0
tt8558206,movie,2018.0
tt8558276,movie,2017.0
tt8558360,movie,2018.0
tt8558372,movie,2018.0
tt8558476,movie,2018.0
tt8558504,movie,2018.0
tt8558508,movie,2018.0
tt8558510,movie,2018.0
tt8558596,movie,2018.0
tt8558774,movie,2019.0
tt8558788,movie,2017.0
tt8558978,movie,2018.0
tt8559006,movie,2018.0
tt8559016,movie,2018.0
tt8559140,movie,2015.0
tt8559262,movie,2011.0
tt8559400,movie,2017.0
tt8559466,movie,2018.0
tt8559468,movie,2018.0
tt8559614,movie,2018.0
tt8559640,movie,2018.0
tt8559792,movie,2017.0
tt8559876,movie,2018.0
tt8559998,movie,2018.0
tt8560002,movie,2018.0
tt8560130,movie,2018.0
tt8560296,movie,2018.0
tt8560420,movie,2018.0
tt8560648,movie,2019.0
tt8560754,movie,2018.0
tt8561050,movie,2018.0
tt8561086,movie,2018.0
tt8561102,movie,2018.0
tt8561248,movie,2018.0
tt8561314,movie,2017.0
tt8561352,movie,2016.0
tt8561358,movie,2019.0
tt8561388,movie,2019.0
tt8561428,movie,2003.0
tt8561540,movie,2018.0
tt8561556,movie,2018.0
tt8561672,movie,2018.0
tt8561690,movie,2018.0
tt8561698,movie,2018.0
tt8561732,movie,2000.0
tt8561758,movie,2018.0
tt8561798,movie,2018.0
tt8561924,movie,2018.0
tt8562000,movie,2018.0
tt8562068,movie,2018.0
tt8562100,movie,2018.0
tt8562142,movie,2019.0
tt8562370,movie,2018.0
tt8562824,movie,2018.0
tt8562960,movie,2018.0
tt8563028,movie,2018.0
tt8563218,movie,2018.0
tt8563234,movie,2017.0
tt8563452,movie,2019.0
tt8563550,movie,2018.0
tt8563618,movie,2017.0
tt8563706,movie,2018.0
tt8563820,movie,2018.0
tt8563858,movie,2018.0
tt8563992,movie,2006.0
tt8564100,movie,2018.0
tt8564158,movie,2018.0
tt8564572,movie,2017.0
tt8564614,movie,2018.0
tt8564902,movie,2018.0
tt8564974,movie,2018.0
tt8565086,movie,2018.0
tt8565218,movie,2018.0
tt8565278,movie,2018.0
tt8565974,movie,2018.0
tt8566390,movie,2015.0
tt8566570,movie,2017.0
tt8566718,movie,2018.0
tt8566864,movie,2018.0
tt8566934,movie,2004.0
tt8566988,movie,2018.0
tt8567082,movie,2018.0
tt8567168,movie,2018.0
tt8567226,movie,2003.0
tt8567238,movie,2018.0
tt8567250,movie,2018.0
tt8567342,movie,2018.0
tt8567410,movie,2017.0
tt8568624,movie,2018.0
tt8568790,movie,2018.0
tt8569116,movie,2018.0
tt8569126,movie,2018.0
tt8569206,movie,2018.0
tt8569208,movie,2018.0
tt8569230,movie,2018.0
tt8569344,movie,2018.0
tt8569390,movie,2018.0
tt8569472,movie,2018.0
tt8569610,movie,2018.0
tt8570546,movie,2018.0
tt8571202,movie,2018.0
tt8571234,movie,2018.0
tt8571242,movie,2018.0
tt8571378,movie,2019.0
tt8571404,movie,2019.0
tt8571428,movie,2018.0
tt8571540,movie,2018.0
tt8571578,movie,2018.0
tt8571596,movie,2018.0
tt8571630,movie,2018.0
tt8571716,movie,2018.0
tt8571760,movie,2013.0
tt8571826,movie,2018.0
tt8571844,movie,2018.0
tt8571866,movie,2018.0
tt8571890,movie,2018.0
tt8571938,movie,2018.0
tt8571958,movie,2018.0
tt8572010,movie,2018.0
tt8572922,movie,2019.0
tt8572944,movie,2018.0
tt8573002,movie,2016.0
tt8573274,movie,2017.0
tt8573752,movie,2018.0
tt8573992,movie,2017.0
tt8574088,movie,2018.0
tt8574116,movie,2016.0
tt8574124,movie,2018.0
tt8574170,movie,2018.0
tt8574186,movie,2018.0
tt8574212,movie,2018.0
tt8574250,movie,2018.0
tt8574252,movie,2018.0
tt8574270,movie,2018.0
tt8574370,movie,2002.0
tt8574476,movie,2018.0
tt8574506,movie,2004.0
tt8574516,movie,2018.0
tt8574528,movie,2017.0
tt8574562,movie,2018.0
tt8574564,movie,2018.0
tt8574566,movie,2018.0
tt8574698,movie,2018.0
tt8574708,movie,2018.0
tt8574836,movie,2019.0
tt8574848,movie,2018.0
tt8574866,movie,2018.0
tt8574870,movie,2018.0
tt8574978,movie,2019.0
tt8575042,movie,2018.0
tt8575058,movie,2018.0
tt8575100,movie,2018.0
tt8575104,movie,2018.0
tt8575214,movie,2018.0
tt8575274,movie,2017.0
tt8575428,movie,2018.0
tt8575442,movie,2018.0
tt8575444,movie,2018.0
tt8575470,movie,2017.0
tt8576054,movie,2016.0
tt8576436,movie,2018.0
tt8576740,movie,2016.0
tt8577178,movie,2018.0
tt8577266,movie,2018.0
tt8577306,movie,2008.0
tt8577310,movie,2017.0
tt8577370,movie,2018.0
tt8577512,movie,2017.0
tt8577580,movie,2018.0
tt8577610,movie,2018.0
tt8577612,movie,2018.0
tt8577750,movie,2017.0
tt8577760,movie,2018.0
tt8577778,movie,2018.0
tt8577792,movie,2017.0
tt8577844,movie,2017.0
tt8578124,movie,2018.0
tt8578132,movie,2017.0
tt8578324,movie,2018.0
tt8578326,movie,2018.0
tt8578328,movie,2016.0
tt8578466,movie,2018.0
tt8578572,movie,2018.0
tt8578606,movie,2018.0
tt8578738,movie,2017.0
tt8578784,movie,2018.0
tt8579086,movie,2018.0
tt8579238,movie,2018.0
tt8579290,movie,2003.0
tt8579302,movie,2019.0
tt8579652,movie,2018.0
tt8579674,movie,2019.0
tt8579688,movie,2018.0
tt8579754,movie,2018.0
tt8579840,movie,2018.0
tt8579888,movie,2004.0
tt8579968,movie,2018.0
tt8580000,movie,2018.0
tt8580052,movie,2019.0
tt8580114,movie,2018.0
tt8580162,movie,2017.0
tt8580240,movie,2018.0
tt8580242,movie,2018.0
tt8580346,movie,2018.0
tt8580348,movie,2018.0
tt8580394,movie,2018.0
tt8580428,movie,2018.0
tt8580446,movie,2019.0
tt8580466,movie,2018.0
tt8580948,movie,2018.0
tt8581024,movie,2018.0
tt8581026,movie,2018.0
tt8581080,movie,2018.0
tt8581088,movie,2018.0
tt8581140,movie,2018.0
tt8581148,movie,2018.0
tt8581198,movie,2018.0
tt8581230,movie,2017.0
tt8581244,movie,2018.0
tt8581262,movie,2018.0
tt8581268,movie,2017.0
tt8581278,movie,2016.0
tt8581366,movie,2018.0
tt8581400,movie,2018.0
tt8581406,movie,2017.0
tt8581422,movie,2017.0
tt8581462,movie,2012.0
tt8581484,movie,2018.0
tt8581626,movie,2013.0
tt8581670,movie,2018.0
tt8581706,movie,2015.0
tt8581816,movie,2018.0
tt8581872,movie,2018.0
tt8581948,movie,2015.0
tt8581964,movie,2017.0
tt8582014,movie,2018.0
tt8582018,movie,2017.0
tt8582034,movie,2017.0
tt8582104,movie,2018.0
tt8582120,movie,2017.0
tt8582154,movie,2018.0
tt8582254,movie,2018.0
tt8582352,movie,2018.0
tt8582458,movie,2018.0
tt8582772,movie,2008.0
tt8582838,movie,2010.0
tt8583070,movie,2018.0
tt8583176,movie,2018.0
tt8583204,movie,2018.0
tt8583214,movie,2014.0
tt8583254,movie,2014.0
tt8583284,movie,2018.0
tt8583356,movie,2018.0
tt8583378,movie,2018.0
tt8583694,movie,2018.0
tt8583724,movie,2018.0
tt8583932,movie,2005.0
tt8583970,movie,2018.0
tt8584048,movie,2018.0
tt8584154,movie,2018.0
tt8584722,movie,2019.0
tt8584728,movie,2018.0
tt8584776,movie,2018.0
tt8585080,movie,2018.0
tt8585100,movie,2018.0
tt8585418,movie,2018.0
tt8585430,movie,2018.0
tt8585442,movie,2018.0
tt8585484,movie,2018.0
tt8585488,movie,2018.0
tt8585610,movie,2018.0
tt8585730,movie,2016.0
tt8585744,movie,2017.0
tt8585746,movie,2018.0
tt8585750,movie,2017.0
tt8585760,movie,2018.0
tt8585764,movie,2014.0
tt8585824,movie,2018.0
tt8585918,movie,2019.0
tt8586088,movie,2019.0
tt8586144,movie,2018.0
tt8586256,movie,2018.0
tt8586270,movie,2018.0
tt8586292,movie,2018.0
tt8586318,movie,2016.0
tt8586448,movie,2019.0
tt8586654,movie,2014.0
tt8586656,movie,2016.0
tt8586662,movie,2018.0
tt8586692,movie,2018.0
tt8586736,movie,2016.0
tt8586760,movie,2018.0
tt8586842,movie,2018.0
tt8586880,movie,2018.0
tt8586912,movie,2014.0
tt8586954,movie,2018.0
tt8586990,movie,2018.0
tt8587006,movie,2018.0
tt8587052,movie,2016.0
tt8587112,movie,2005.0
tt8587122,movie,2018.0
tt8587142,movie,2018.0
tt8587150,movie,2018.0
tt8587170,movie,2018.0
tt8587264,movie,2019.0
tt8587280,movie,2018.0
tt8587574,movie,2018.0
tt8587650,movie,2018.0
tt8587692,movie,2018.0
tt8587766,movie,2018.0
tt8588168,movie,2018.0
tt8588254,movie,2005.0
tt8588414,movie,2018.0
tt8588578,movie,2019.0
tt8589056,movie,2018.0
tt8589146,movie,2018.0
tt8589192,movie,2017.0
tt8589210,movie,2019.0
tt8589358,movie,2018.0
tt8589402,movie,2016.0
tt8589406,movie,2018.0
tt8589440,movie,2018.0
tt8589460,movie,2018.0
tt8589512,movie,2013.0
tt8589616,movie,2018.0
tt8589638,movie,2012.0
tt8589642,movie,2018.0
tt8589660,movie,2019.0
tt8589680,movie,2018.0
tt8589718,movie,2018.0
tt8589746,movie,2018.0
tt8589748,movie,2015.0
tt8589792,movie,2018.0
tt8589854,movie,2018.0
tt8589864,movie,2018.0
tt8589962,movie,2018.0
tt8590046,movie,2018.0
tt8590114,movie,2018.0
tt8590136,movie,2018.0
tt8590180,movie,2019.0
tt8590186,movie,2018.0
tt8590298,movie,2018.0
tt8590332,movie,2018.0
tt8590524,movie,2019.0
tt8590528,movie,2019.0
tt8590566,movie,2014.0
tt8590836,movie,2018.0
tt8590896,movie,2018.0
tt8590936,movie,2018.0
tt8590940,movie,2018.0
tt8590992,movie,2018.0
tt8591008,movie,2018.0
tt8591046,movie,2019.0
tt8591070,movie,2018.0
tt8591170,movie,2019.0
tt8591200,movie,2003.0
tt8591260,movie,2018.0
tt8591436,movie,2015.0
tt8591530,movie,2017.0
tt8591544,movie,2014.0
tt8591552,movie,2017.0
tt8591914,movie,2018.0
tt8591944,movie,2015.0
tt8591946,movie,2018.0
tt8591950,movie,2010.0
tt8591986,movie,2018.0
tt8592004,movie,2018.0
tt8592078,movie,2019.0
tt8592108,movie,2019.0
tt8592128,movie,2005.0
tt8592146,movie,2017.0
tt8592188,movie,2017.0
tt8592192,movie,2016.0
tt8592222,movie,2018.0
tt8592226,movie,2017.0
tt8592498,movie,2018.0
tt8592552,movie,2005.0
tt8593042,movie,2018.0
tt8593116,movie,2018.0
tt8593366,movie,2018.0
tt8593538,movie,2018.0
tt8593606,movie,2019.0
tt8593814,movie,2018.0
tt8593878,movie,2018.0
tt8593904,movie,2020.0
tt8593930,movie,2018.0
tt8593966,movie,2018.0
tt8594008,movie,2006.0
tt8594012,movie,2018.0
tt8594030,movie,2005.0
tt8594048,movie,2018.0
tt8594092,movie,2013.0
tt8594206,movie,2018.0
tt8594230,movie,2018.0
tt8594348,movie,2018.0
tt8594362,movie,2018.0
tt8594428,movie,2019.0
tt8594438,movie,2018.0
tt8594456,movie,2018.0
tt8594460,movie,2018.0
tt8594490,movie,2018.0
tt8594582,movie,2018.0
tt8594656,movie,2018.0
tt8594718,movie,2018.0
tt8594732,movie,2018.0
tt8594748,movie,2018.0
tt8594948,movie,2018.0
tt8595106,movie,2016.0
tt8595204,movie,2018.0
tt8595308,movie,2018.0
tt8595336,movie,2018.0
tt8595422,movie,2017.0
tt8595434,movie,2018.0
tt8595470,movie,2017.0
tt8595478,movie,2018.0
tt8595480,movie,2018.0
tt8595546,movie,2018.0
tt8595548,movie,2019.0
tt8595560,movie,2018.0
tt8595574,movie,2018.0
tt8595622,movie,2018.0
tt8595626,movie,2016.0
tt8595630,movie,2018.0
tt8595642,movie,2013.0
tt8595708,movie,2018.0
tt8595770,movie,2015.0
tt8595774,movie,2018.0
tt8595776,movie,2017.0
tt8595794,movie,2018.0
tt8595842,movie,2018.0
tt8595874,movie,2015.0
tt8595890,movie,2018.0
tt8595894,movie,2014.0
tt8595948,movie,2018.0
tt8596716,movie,2018.0
tt8596966,movie,2017.0
tt8596970,movie,2018.0
tt8597286,movie,2018.0
tt8597792,movie,2019.0
tt8597832,movie,2007.0
tt8597916,movie,2014.0
tt8597944,movie,2018.0
tt8597962,movie,2018.0
tt8598016,movie,2018.0
tt8598142,movie,2018.0
tt8598200,movie,2018.0
tt8598256,movie,2009.0
tt8598296,movie,2018.0
tt8598380,movie,2019.0
tt8598454,movie,2018.0
tt8598532,movie,2018.0
tt8598534,movie,2018.0
tt8598552,movie,2018.0
tt8598634,movie,2017.0
tt8598650,movie,2017.0
tt8598776,movie,2008.0
tt8598778,movie,2018.0
tt8598802,movie,2018.0
tt8599028,movie,2018.0
tt8599208,movie,2011.0
tt8599308,movie,2017.0
tt8599324,movie,2018.0
tt8599362,movie,2018.0
tt8599416,movie,2018.0
tt8599512,movie,2018.0
tt8599716,movie,2017.0
tt8599736,movie,2019.0
tt8599746,movie,2019.0
tt8599778,movie,2010.0
tt8600192,movie,2018.0
tt8600218,movie,2017.0
tt8600414,movie,2019.0
tt8600462,movie,2016.0
tt8600988,movie,2007.0
tt8601228,movie,2018.0
tt8601284,movie,2018.0
tt8601408,movie,2018.0
tt8601550,movie,2018.0
tt8601612,movie,2019.0
tt8601626,movie,2018.0
tt8601668,movie,2018.0
tt8601724,movie,2017.0
tt8601770,movie,2018.0
tt8601844,movie,2019.0
tt8601996,movie,2018.0
tt8602372,movie,2015.0
tt8602500,movie,2018.0
tt8602626,movie,2018.0
tt8602640,movie,2012.0
tt8602654,movie,2018.0
tt8602686,movie,2018.0
tt8602746,movie,2018.0
tt8602760,movie,2018.0
tt8602886,movie,2018.0
tt8602902,movie,2018.0
tt8602938,movie,2016.0
tt8603004,movie,2018.0
tt8603122,movie,2018.0
tt8603148,movie,2017.0
tt8603150,movie,2005.0
tt8603554,movie,2018.0
tt8605562,movie,2013.0
tt8607728,movie,2017.0
tt8607818,movie,2018.0
tt8608554,movie,2018.0
tt8608628,movie,2018.0
tt8608692,movie,2017.0
tt8608752,movie,2016.0
tt8608822,movie,2018.0
tt8608834,movie,2018.0
tt8608888,movie,2018.0
tt8608918,movie,2016.0
tt8609058,movie,2017.0
tt8609212,movie,2018.0
tt8609240,movie,2017.0
tt8609278,movie,2015.0
tt8609336,movie,2018.0
tt8609368,movie,2017.0
tt8609374,movie,2017.0
tt8609466,movie,2005.0
tt8609492,movie,2019.0
tt8609520,movie,2018.0
tt8609546,movie,2019.0
tt8609594,movie,2007.0
tt8609802,movie,2018.0
tt8609814,movie,2018.0
tt8609926,movie,2019.0
tt8610036,movie,2019.0
tt8610286,movie,2018.0
tt8610360,movie,2018.0
tt8610430,movie,2018.0
tt8610768,movie,2017.0
tt8610794,movie,2018.0
tt8610826,movie,2018.0
tt8610830,movie,2017.0
tt8610846,movie,2017.0
tt8610850,movie,2018.0
tt8610856,movie,2014.0
tt8610866,movie,2018.0
tt8610984,movie,2018.0
tt8610996,movie,2018.0
tt8611016,movie,2018.0
tt8611042,movie,2018.0
tt8611064,movie,2018.0
tt8611106,movie,2018.0
tt8611114,movie,2017.0
tt8611116,movie,2018.0
tt8611240,movie,2018.0
tt8611310,movie,2018.0
tt8611312,movie,2018.0
tt8611408,movie,2018.0
tt8611580,movie,2018.0
tt8611700,movie,2018.0
tt8611750,movie,2018.0
tt8611778,movie,2016.0
tt8611808,movie,2018.0
tt8612008,movie,2018.0
tt8612092,movie,2018.0
tt8612096,movie,2018.0
tt8612190,movie,2018.0
tt8612254,movie,2018.0
tt8612678,movie,2018.0
tt8612792,movie,2018.0
tt8612820,movie,2016.0
tt8612856,movie,2018.0
tt8612860,movie,2018.0
tt8612886,movie,2018.0
tt8613070,movie,2019.0
tt8613188,movie,2018.0
tt8613336,movie,2018.0
tt8613500,movie,2018.0
tt8613868,movie,2018.0
tt8613894,movie,2017.0
tt8613904,movie,2018.0
tt8613958,movie,2018.0
tt8613968,movie,2018.0
tt8613986,movie,2018.0
tt8614260,movie,2018.0
tt8614312,movie,2018.0
tt8614502,movie,2007.0
tt8614536,movie,2018.0
tt8614612,movie,2018.0
tt8614664,movie,2018.0
tt8614682,movie,2018.0
tt8614684,movie,2018.0
tt8614742,movie,2018.0
tt8615046,movie,2018.0
tt8615108,movie,2018.0
tt8615164,movie,2019.0
tt8615252,movie,2009.0
tt8615328,movie,2018.0
tt8615732,movie,2018.0
tt8615746,movie,2018.0
tt8615806,movie,2004.0
tt8615816,movie,2018.0
tt8615818,movie,2014.0
tt8615824,movie,2019.0
tt8615840,movie,2018.0
tt8615956,movie,2018.0
tt8616016,movie,2018.0
tt8616032,movie,2018.0
tt8616050,movie,2018.0
tt8616108,movie,2017.0
tt8616164,movie,2018.0
tt8616250,movie,2018.0
tt8616728,movie,2016.0
tt8616748,movie,2018.0
tt8616938,movie,2013.0
tt8617064,movie,2018.0
tt8617152,movie,2016.0
tt8617496,movie,2018.0
tt8617648,movie,2018.0
tt8617672,movie,2010.0
tt8617790,movie,2019.0
tt8617816,movie,2018.0
tt8617852,movie,2011.0
tt8617948,movie,2015.0
tt8617954,movie,2018.0
tt8617988,movie,2019.0
tt8617992,movie,2018.0
tt8618118,movie,2018.0
tt8618244,movie,2010.0
tt8618278,movie,2018.0
tt8618358,movie,2017.0
tt8618412,movie,2018.0
tt8618438,movie,2018.0
tt8618558,movie,2016.0
tt8618654,movie,2018.0
tt8618686,movie,2007.0
tt8618712,movie,2018.0
tt8618714,movie,2018.0
tt8618716,movie,2018.0
tt8618718,movie,2018.0
tt8618720,movie,2018.0
tt8618726,movie,2018.0
tt8618810,movie,2018.0
tt8618878,movie,2012.0
tt8618972,movie,2018.0
tt8618984,movie,2008.0
tt8619096,movie,2018.0
tt8619234,movie,2018.0
tt8619444,movie,2018.0
tt8619504,movie,2018.0
tt8619556,movie,2002.0
tt8619682,movie,2018.0
tt8619812,movie,2018.0
tt8619830,movie,2018.0
tt8619844,movie,2018.0
tt8619848,movie,2018.0
tt8619866,movie,2018.0
tt8619890,movie,2018.0
tt8619912,movie,2018.0
tt8619916,movie,2018.0
tt8619956,movie,2018.0
tt8619974,movie,2016.0
tt8619976,movie,2017.0
tt8619980,movie,2015.0
tt8619984,movie,2017.0
tt8620002,movie,2016.0
tt8620006,movie,2017.0
tt8620014,movie,2018.0
tt8620042,movie,2018.0
tt8620066,movie,2018.0
tt8620078,movie,2018.0
tt8620110,movie,2018.0
tt8620140,movie,2018.0
tt8620146,movie,2018.0
tt8620180,movie,2005.0
tt8620182,movie,2018.0
tt8620186,movie,2018.0
tt8620626,movie,2017.0
tt8620646,movie,2018.0
tt8620668,movie,2018.0
tt8620876,movie,2018.0
tt8621360,movie,2018.0
tt8621438,movie,2018.0
tt8621494,movie,2018.0
tt8621558,movie,2018.0
tt8621562,movie,2018.0
tt8621972,movie,2018.0
tt8622174,movie,2018.0
tt8622232,movie,2018.0
tt8622278,movie,2018.0
tt8622348,movie,2019.0
tt8623162,movie,2018.0
tt8623376,movie,2011.0
tt8623582,movie,2017.0
tt8623718,movie,2018.0
tt8624068,movie,2016.0
tt8625388,movie,2018.0
tt8625982,movie,2018.0
tt8626084,movie,2018.0
tt8627254,movie,2018.0
tt8628386,movie,2018.0
tt8628516,movie,2019.0
tt8628638,movie,2018.0
tt8628682,movie,2018.0
tt8628722,movie,2009.0
tt8628960,movie,2018.0
tt8629090,movie,2019.0
tt8629158,movie,2019.0
tt8629308,movie,2018.0
tt8629322,movie,2018.0
tt8629376,movie,2001.0
tt8629396,movie,2016.0
tt8629418,movie,2018.0
tt8629434,movie,2018.0
tt8629438,movie,2018.0
tt8629548,movie,2018.0
tt8629572,movie,2011.0
tt8629580,movie,2019.0
tt8629592,movie,2018.0
tt8629716,movie,2008.0
tt8629730,movie,2008.0
tt8629780,movie,2019.0
tt8629878,movie,2018.0
tt8629900,movie,2018.0
tt8630006,movie,2018.0
tt8630054,movie,2018.0
tt8630060,movie,2010.0
tt8630152,movie,2018.0
tt8630154,movie,2018.0
tt8630268,movie,2018.0
tt8630282,movie,2018.0
tt8630292,movie,2018.0
tt8630346,movie,2018.0
tt8630370,movie,2017.0
tt8630396,movie,2017.0
tt8630424,movie,2018.0
tt8630452,movie,2017.0
tt8630496,movie,2017.0
tt8630536,movie,2018.0
tt8630786,movie,2018.0
tt8630952,movie,2018.0
tt8631150,movie,2007.0
tt8631174,movie,2018.0
tt8631326,movie,2019.0
tt8631432,movie,2018.0
tt8631612,movie,2017.0
tt8631800,movie,2018.0
tt8632062,movie,2016.0
tt8632136,movie,2017.0
tt8632782,movie,2014.0
tt8632844,movie,2018.0
tt8632846,movie,2018.0
tt8632862,movie,2018.0
tt8632990,movie,2011.0
tt8632992,movie,2016.0
tt8633038,movie,2013.0
tt8633088,movie,2018.0
tt8633116,movie,2018.0
tt8633250,movie,2018.0
tt8633272,movie,2018.0
tt8633288,movie,2018.0
tt8633296,movie,2018.0
tt8633438,movie,2010.0
tt8633478,movie,2019.0
tt8633506,movie,2017.0
tt8633590,movie,2017.0
tt8633640,movie,2019.0
tt8633654,movie,2018.0
tt8633700,movie,2013.0
tt8633834,movie,2018.0
tt8633942,movie,2018.0
tt8633954,movie,2018.0
tt8634080,movie,2018.0
tt8634314,movie,2018.0
tt8634318,movie,2018.0
tt8634326,movie,2018.0
tt8634328,movie,2018.0
tt8634348,movie,2018.0
tt8634368,movie,2018.0
tt8634406,movie,2019.0
tt8634412,movie,2018.0
tt8634446,movie,2017.0
tt8634456,movie,2018.0
tt8634460,movie,2018.0
tt8634576,movie,2018.0
tt8634604,movie,2018.0
tt8634652,movie,2015.0
tt8634660,movie,2018.0
tt8634746,movie,2018.0
tt8634766,movie,2018.0
tt8634798,movie,2018.0
tt8635044,movie,2016.0
tt8635048,movie,2018.0
tt8635054,movie,2018.0
tt8635064,movie,2018.0
tt8635076,movie,2018.0
tt8635088,movie,2018.0
tt8635520,movie,2017.0
tt8635590,movie,2018.0
tt8635616,movie,2018.0
tt8636142,movie,2018.0
tt8636456,movie,2019.0
tt8636926,movie,2018.0
tt8637036,movie,2018.0
tt8637052,movie,2018.0
tt8637056,movie,2018.0
tt8637250,movie,2017.0
tt8637302,movie,2018.0
tt8637322,movie,2018.0
tt8637420,movie,2018.0
tt8637504,movie,2019.0
tt8637532,movie,2011.0
tt8637534,movie,2018.0
tt8637624,movie,2018.0
tt8637862,movie,2019.0
tt8637908,movie,2018.0
tt8637930,movie,2018.0
tt8637950,movie,2018.0
tt8637970,movie,2018.0
tt8637998,movie,2016.0
tt8638048,movie,2018.0
tt8638100,movie,2018.0
tt8638122,movie,2018.0
tt8638182,movie,2016.0
tt8638420,movie,2018.0
tt8638524,movie,2018.0
tt8638576,movie,2018.0
tt8638638,movie,2018.0
tt8638640,movie,2018.0
tt8638648,movie,2018.0
tt8638696,movie,2007.0
tt8638730,movie,2018.0
tt8638742,movie,2018.0
tt8638750,movie,2018.0
tt8638756,movie,2018.0
tt8639184,movie,2017.0
tt8639316,movie,2018.0
tt8639318,movie,2018.0
tt8639322,movie,2016.0
tt8639506,movie,2018.0
tt8640146,movie,2018.0
tt8640242,movie,2018.0
tt8640472,movie,2019.0
tt8640576,movie,2018.0
tt8640680,movie,2005.0
tt8640714,movie,2018.0
tt8640806,movie,2017.0
tt8640848,movie,2018.0
tt8640912,movie,2011.0
tt8640960,movie,2017.0
tt8640994,movie,2018.0
tt8641008,movie,2018.0
tt8641184,movie,2018.0
tt8642538,movie,2018.0
tt8642924,movie,2018.0
tt8643442,movie,2018.0
tt8643490,movie,2002.0
tt8643932,movie,2017.0
tt8643950,movie,2018.0
tt8644088,movie,2009.0
tt8644126,movie,2018.0
tt8644380,movie,2018.0
tt8645290,movie,2018.0
tt8645716,movie,2018.0
tt8645918,movie,2018.0
tt8646088,movie,2018.0
tt8646102,movie,2019.0
tt8646318,movie,2017.0
tt8646584,movie,2016.0
tt8646748,movie,2018.0
tt8646884,movie,2018.0
tt8646958,movie,2019.0
tt8647044,movie,2018.0
tt8647112,movie,2018.0
tt8647214,movie,2018.0
tt8647242,movie,2019.0
tt8647254,movie,2018.0
tt8647342,movie,2016.0
tt8647382,movie,2018.0
tt8647400,movie,2018.0
tt8647426,movie,2018.0
tt8647924,movie,2018.0
tt8647978,movie,2018.0
tt8648052,movie,2018.0
tt8648126,movie,2018.0
tt8648232,movie,2018.0
tt8648384,movie,2016.0
tt8648586,movie,2019.0
tt8648604,movie,2018.0
tt8648744,movie,2018.0
tt8648840,movie,2018.0
tt8648974,movie,2018.0
tt8649020,movie,2018.0
tt8649060,movie,2014.0
tt8649064,movie,2018.0
tt8649096,movie,2018.0
tt8649104,movie,2013.0
tt8649118,movie,2018.0
tt8649142,movie,2018.0
tt8649148,movie,2018.0
tt8649196,movie,2018.0
tt8649322,movie,2018.0
tt8649336,movie,2018.0
tt8649372,movie,2018.0
tt8649438,movie,2018.0
tt8649454,movie,2018.0
tt8649460,movie,2018.0
tt8649490,movie,2018.0
tt8649560,movie,2018.0
tt8649570,movie,2018.0
tt8649634,movie,2008.0
tt8649636,movie,2019.0
tt8649680,movie,2018.0
tt8649868,movie,2018.0
tt8649976,movie,2018.0
tt8649978,movie,2018.0
tt8650030,movie,2018.0
tt8650144,movie,2018.0
tt8650146,movie,2018.0
tt8650152,movie,2019.0
tt8650228,movie,2018.0
tt8650256,movie,2018.0
tt8650270,movie,2018.0
tt8650344,movie,2018.0
tt8650436,movie,2018.0
tt8650484,movie,2018.0
tt8650508,movie,2018.0
tt8650674,movie,2000.0
tt8650888,movie,2018.0
tt8650966,movie,2016.0
tt8650976,movie,2018.0
tt8651064,movie,2018.0
tt8651112,movie,2018.0
tt8651150,movie,2017.0
tt8651178,movie,2016.0
tt8651186,movie,2018.0
tt8651210,movie,2018.0
tt8651292,movie,2016.0
tt8651302,movie,2018.0
tt8651406,movie,2018.0
tt8651728,movie,2018.0
tt8651744,movie,2018.0
tt8651962,movie,2018.0
tt8652014,movie,2018.0
tt8652104,movie,2018.0
tt8652250,movie,2017.0
tt8652368,movie,2008.0
tt8652500,movie,2018.0
tt8652518,movie,2018.0
tt8652546,movie,2018.0
tt8652564,movie,2018.0
tt8652636,movie,2019.0
tt8652766,movie,2018.0
tt8652824,movie,2018.0
tt8652844,movie,2018.0
tt8652912,movie,2018.0
tt8653196,movie,2018.0
tt8653224,movie,2006.0
tt8653336,movie,2018.0
tt8653470,movie,2018.0
tt8653594,movie,2014.0
tt8653596,movie,2018.0
tt8653606,movie,2018.0
tt8653638,movie,2007.0
tt8653640,movie,2018.0
tt8653642,movie,2018.0
tt8653676,movie,2018.0
tt8653790,movie,2015.0
tt8653796,movie,2015.0
tt8653804,movie,2013.0
tt8653820,movie,2018.0
tt8653824,movie,2018.0
tt8653840,movie,2018.0
tt8653852,movie,2018.0
tt8653880,movie,2012.0
tt8653902,movie,2018.0
tt8654080,movie,2015.0
tt8654082,movie,2018.0
tt8654102,movie,2011.0
tt8654130,movie,2011.0
tt8654924,movie,2018.0
tt8655182,movie,2012.0
tt8655550,movie,2018.0
tt8655594,movie,2018.0
tt8655608,movie,2018.0
tt8655618,movie,2018.0
tt8655654,movie,2018.0
tt8655692,movie,2018.0
tt8655702,movie,2018.0
tt8655740,movie,2018.0
tt8655938,movie,2018.0
tt8655954,movie,2016.0
tt8656018,movie,2019.0
tt8656114,movie,2017.0
tt8656192,movie,2018.0
tt8656220,movie,2018.0
tt8656374,movie,2018.0
tt8656636,movie,2018.0
tt8656780,movie,2018.0
tt8656800,movie,2018.0
tt8657154,movie,2018.0
tt8657468,movie,2018.0
tt8657486,movie,2018.0
tt8657498,movie,2018.0
tt8657590,movie,2018.0
tt8657600,movie,2018.0
tt8657624,movie,2017.0
tt8657692,movie,2018.0
tt8657696,movie,2018.0
tt8657790,movie,2018.0
tt8657794,movie,2016.0
tt8657824,movie,2018.0
tt8657898,movie,2018.0
tt8657914,movie,2016.0
tt8658058,movie,2018.0
tt8658134,movie,2018.0
tt8658144,movie,2018.0
tt8658212,movie,2018.0
tt8658222,movie,2018.0
tt8658224,movie,2017.0
tt8658278,movie,2017.0
tt8658520,movie,2017.0
tt8658602,movie,2012.0
tt8658676,movie,2018.0
tt8658858,movie,2014.0
tt8658888,movie,2018.0
tt8659050,movie,2018.0
tt8659122,movie,2019.0
tt8659758,movie,2016.0
tt8660084,movie,2018.0
tt8660324,movie,2018.0
tt8660408,movie,2018.0
tt8660416,movie,2018.0
tt8660422,movie,2018.0
tt8660434,movie,2016.0
tt8660466,movie,2012.0
tt8660538,movie,2018.0
tt8660600,movie,2018.0
tt8660648,movie,2019.0
tt8660656,movie,2018.0
tt8660696,movie,2018.0
tt8660782,movie,2018.0
tt8660786,movie,2017.0
tt8660842,movie,2018.0
tt8660862,movie,2018.0
tt8661026,movie,2009.0
tt8661030,movie,2018.0
tt8661056,movie,2018.0
tt8661062,movie,2018.0
tt8661066,movie,2018.0
tt8661074,movie,2018.0
tt8661084,movie,2018.0
tt8661098,movie,2017.0
tt8661166,movie,2018.0
tt8661178,movie,2018.0
tt8661230,movie,2018.0
tt8661260,movie,2018.0
tt8661302,movie,2018.0
tt8661308,movie,2018.0
tt8661390,movie,2014.0
tt8661404,movie,2018.0
tt8661420,movie,2008.0
tt8661486,movie,2018.0
tt8661494,movie,2018.0
tt8661508,movie,2018.0
tt8661510,movie,2018.0
tt8661558,movie,2018.0
tt8661568,movie,2018.0
tt8661580,movie,2018.0
tt8661814,movie,2018.0
tt8661880,movie,2018.0
tt8662114,movie,2018.0
tt8662258,movie,2018.0
tt8662338,movie,2017.0
tt8662424,movie,2017.0
tt8662426,movie,2018.0
tt8662430,movie,2012.0
tt8662598,movie,2018.0
tt8662698,movie,2011.0
tt8663028,movie,2018.0
tt8663212,movie,2011.0
tt8663446,movie,2018.0
tt8663450,movie,2018.0
tt8663616,movie,2018.0
tt8663618,movie,2018.0
tt8663774,movie,2019.0
tt8663830,movie,2017.0
tt8663942,movie,2018.0
tt8663996,movie,2018.0
tt8664006,movie,2007.0
tt8664046,movie,2011.0
tt8664188,movie,2018.0
tt8664194,movie,2018.0
tt8664352,movie,2018.0
tt8664378,movie,2019.0
tt8665056,movie,2001.0
tt8665068,movie,2005.0
tt8665116,movie,2012.0
tt8665166,movie,2005.0
tt8665184,movie,2017.0
tt8665278,movie,2019.0
tt8665358,movie,2003.0
tt8665364,movie,2018.0
tt8665530,movie,2019.0
tt8665546,movie,2018.0
tt8665556,movie,2018.0
tt8665584,movie,2018.0
tt8665590,movie,2018.0
tt8665606,movie,2018.0
tt8665610,movie,2018.0
tt8665612,movie,2018.0
tt8665616,movie,2018.0
tt8665624,movie,2018.0
tt8665634,movie,2018.0
tt8665640,movie,2015.0
tt8665648,movie,2018.0
tt8665682,movie,2018.0
tt8665688,movie,2018.0
tt8665698,movie,2018.0
tt8665702,movie,2018.0
tt8665708,movie,2018.0
tt8665722,movie,2018.0
tt8665738,movie,2008.0
tt8665742,movie,2018.0
tt8665746,movie,2018.0
tt8665760,movie,2018.0
tt8665770,movie,2018.0
tt8665776,movie,2018.0
tt8665778,movie,2018.0
tt8665780,movie,2018.0
tt8665784,movie,2018.0
tt8665788,movie,2018.0
tt8665790,movie,2018.0
tt8665792,movie,2018.0
tt8665794,movie,2018.0
tt8665800,movie,2018.0
tt8665806,movie,2018.0
tt8665816,movie,2018.0
tt8665824,movie,2018.0
tt8665840,movie,2018.0
tt8665862,movie,2018.0
tt8665898,movie,2018.0
tt8665900,movie,2018.0
tt8665904,movie,2018.0
tt8666014,movie,2015.0
tt8666024,movie,2018.0
tt8666168,movie,2018.0
tt8666170,movie,2018.0
tt8666172,movie,2018.0
tt8666442,movie,2018.0
tt8666494,movie,2018.0
tt8666500,movie,2016.0
tt8666786,movie,2019.0
tt8666936,movie,2018.0
tt8667126,movie,2018.0
tt8667140,movie,2018.0
tt8667302,movie,2018.0
tt8667310,movie,2018.0
tt8667334,movie,2018.0
tt8667372,movie,2018.0
tt8667412,movie,2017.0
tt8667450,movie,2018.0
tt8667474,movie,2018.0
tt8667692,movie,2017.0
tt8667750,movie,2018.0
tt8667972,movie,2018.0
tt8668088,movie,2018.0
tt8668104,movie,2018.0
tt8668146,movie,2018.0
tt8668248,movie,2014.0
tt8668290,movie,2018.0
tt8668298,movie,2018.0
tt8668312,movie,2018.0
tt8668456,movie,2018.0
tt8668498,movie,2018.0
tt8668616,movie,2018.0
tt8668670,movie,2017.0
tt8668818,movie,2018.0
tt8668844,movie,2019.0
tt8668872,movie,2018.0
tt8668894,movie,2018.0
tt8669070,movie,2018.0
tt8669090,movie,2018.0
tt8669092,movie,2018.0
tt8669098,movie,2003.0
tt8669100,movie,2018.0
tt8669102,movie,2018.0
tt8669104,movie,2018.0
tt8669106,movie,2010.0
tt8669110,movie,2018.0
tt8669128,movie,2003.0
tt8669132,movie,2018.0
tt8669138,movie,2002.0
tt8669144,movie,2004.0
tt8669150,movie,2018.0
tt8669212,movie,2017.0
tt8669220,movie,2018.0
tt8669308,movie,2017.0
tt8669322,movie,2015.0
tt8669334,movie,2017.0
tt8669354,movie,2018.0
tt8669356,movie,2018.0
tt8669442,movie,2018.0
tt8669800,movie,2018.0
tt8669826,movie,2018.0
tt8670754,movie,2017.0
tt8671054,movie,2018.0
tt8671138,movie,2018.0
tt8671228,movie,2015.0
tt8671318,movie,2017.0
tt8671366,movie,2005.0
tt8671386,movie,2018.0
tt8671416,movie,2018.0
tt8671462,movie,2018.0
tt8671526,movie,2018.0
tt8671562,movie,2018.0
tt8671600,movie,2018.0
tt8671642,movie,2018.0
tt8671762,movie,2018.0
tt8672182,movie,2018.0
tt8672196,movie,2018.0
tt8672258,movie,2015.0
tt8672278,movie,2018.0
tt8672310,movie,2017.0
tt8672350,movie,2018.0
tt8672504,movie,2018.0
tt8672508,movie,2018.0
tt8672516,movie,2018.0
tt8672520,movie,2018.0
tt8672656,movie,2018.0
tt8672740,movie,2018.0
tt8672770,movie,2017.0
tt8672786,movie,2018.0
tt8672852,movie,2015.0
tt8673396,movie,2005.0
tt8673580,movie,2018.0
tt8673620,movie,2018.0
tt8673744,movie,2018.0
tt8673950,movie,2018.0
tt8674090,movie,2018.0
tt8674092,movie,2014.0
tt8674158,movie,2018.0
tt8674396,movie,2018.0
tt8674402,movie,2016.0
tt8674418,movie,2018.0
tt8674464,movie,2018.0
tt8674506,movie,2018.0
tt8674518,movie,2017.0
tt8674526,movie,2018.0
tt8674680,movie,2018.0
tt8674684,movie,2015.0
tt8674732,movie,2015.0
tt8674768,movie,2019.0
tt8675216,movie,2018.0
tt8675230,movie,2018.0
tt8675272,movie,2017.0
tt8675532,movie,2018.0
tt8675644,movie,2012.0
tt8675758,movie,2018.0
tt8676044,movie,2018.0
tt8676124,movie,2005.0
tt8676158,movie,2005.0
tt8676398,movie,2009.0
tt8676424,movie,2018.0
tt8676692,movie,2015.0
tt8676760,movie,2018.0
tt8676766,movie,2014.0
tt8676944,movie,2018.0
tt8676960,movie,2019.0
tt8676984,movie,2018.0
tt8677020,movie,2018.0
tt8677024,movie,2018.0
tt8677030,movie,2017.0
tt8677038,movie,2018.0
tt8677042,movie,2018.0
tt8677062,movie,2018.0
tt8677072,movie,2016.0
tt8677100,movie,2018.0
tt8677106,movie,2018.0
tt8677110,movie,2018.0
tt8677112,movie,2018.0
tt8677116,movie,2018.0
tt8677246,movie,2017.0
tt8677256,movie,2014.0
tt8677344,movie,2012.0
tt8677346,movie,2017.0
tt8677388,movie,2015.0
tt8677400,movie,2016.0
tt8677428,movie,2010.0
tt8677432,movie,2018.0
tt8677444,movie,2018.0
tt8677752,movie,2004.0
tt8678006,movie,2017.0
tt8678064,movie,2018.0
tt8678074,movie,2018.0
tt8678076,movie,2017.0
tt8678082,movie,2018.0
tt8678152,movie,2018.0
tt8678162,movie,2014.0
tt8678734,movie,2016.0
tt8678890,movie,2016.0
tt8678982,movie,2018.0
tt8679036,movie,2018.0
tt8679160,movie,2018.0
tt8679256,movie,2018.0
tt8679574,movie,2018.0
tt8679588,movie,2018.0
tt8680096,movie,2017.0
tt8680254,movie,2016.0
tt8680274,movie,2018.0
tt8680408,movie,2016.0
tt8680840,movie,2018.0
tt8680888,movie,2018.0
tt8680974,movie,2018.0
tt8681134,movie,2018.0
tt8681230,movie,2018.0
tt8681360,movie,2018.0
tt8681366,movie,2018.0
tt8681390,movie,2018.0
tt8681570,movie,2014.0
tt8681590,movie,2012.0
tt8681608,movie,2012.0
tt8681656,movie,2010.0
tt8681672,movie,2015.0
tt8681694,movie,2018.0
tt8682052,movie,2016.0
tt8682096,movie,2018.0
tt8682178,movie,2018.0
tt8682226,movie,2010.0
tt8682244,movie,2018.0
tt8682622,movie,2018.0
tt8682626,movie,2010.0
tt8682630,movie,2018.0
tt8682654,movie,2018.0
tt8682808,movie,2017.0
tt8682894,movie,2018.0
tt8683068,movie,2007.0
tt8683880,movie,2018.0
tt8683976,movie,2018.0
tt8684006,movie,2018.0
tt8684084,movie,2018.0
tt8684282,movie,2018.0
tt8684320,movie,2015.0
tt8684374,movie,2017.0
tt8684564,movie,2018.0
tt8684886,movie,2018.0
tt8684952,movie,2012.0
tt8685250,movie,2018.0
tt8685252,movie,2015.0
tt8685520,movie,2018.0
tt8685584,movie,2018.0
tt8685594,movie,2018.0
tt8685650,movie,2018.0
tt8685672,movie,2018.0
tt8685790,movie,2018.0
tt8685802,movie,2018.0
tt8685842,movie,2018.0
tt8685894,movie,2018.0
tt8685958,movie,2018.0
tt8685978,movie,2014.0
tt8685998,movie,2002.0
tt8686060,movie,2018.0
tt8686074,movie,2018.0
tt8686090,movie,2018.0
tt8686126,movie,2019.0
tt8686150,movie,2018.0
tt8686242,movie,2018.0
tt8686304,movie,2018.0
tt8686424,movie,2018.0
tt8686436,movie,2018.0
tt8686460,movie,2018.0
tt8686462,movie,2012.0
tt8686518,movie,2017.0
tt8686592,movie,2018.0
tt8686594,movie,2018.0
tt8686614,movie,2015.0
tt8686616,movie,2018.0
tt8686670,movie,2018.0
tt8688026,movie,2016.0
tt8688048,movie,2018.0
tt8688082,movie,2018.0
tt8688202,movie,2018.0
tt8688558,movie,2008.0
tt8688632,movie,2019.0
tt8688710,movie,2016.0
tt8688752,movie,2018.0
tt8688846,movie,2019.0
tt8688912,movie,2018.0
tt8688960,movie,2018.0
tt8688980,movie,2018.0
tt8689062,movie,2003.0
tt8689140,movie,2018.0
tt8689168,movie,2018.0
tt8689170,movie,2018.0
tt8689178,movie,2018.0
tt8689422,movie,2018.0
tt8689450,movie,2018.0
tt8689456,movie,2014.0
tt8689858,movie,2018.0
tt8689976,movie,2000.0
tt8690024,movie,2014.0
tt8690140,movie,2018.0
tt8690180,movie,2012.0
tt8690194,movie,2008.0
tt8690202,movie,2014.0
tt8690302,movie,2009.0
tt8690304,movie,2010.0
tt8690392,movie,2015.0
tt8690420,movie,2018.0
tt8690450,movie,2018.0
tt8690486,movie,2018.0
tt8690552,movie,2018.0
tt8690662,movie,2012.0
tt8690670,movie,2018.0
tt8690722,movie,2002.0
tt8690754,movie,2011.0
tt8690764,movie,2018.0
tt8690772,movie,2006.0
tt8690850,movie,2011.0
tt8690886,movie,2018.0
tt8690956,movie,2018.0
tt8690966,movie,2018.0
tt8691364,movie,2018.0
tt8691424,movie,2018.0
tt8691450,movie,2017.0
tt8691526,movie,2018.0
tt8691532,movie,2018.0
tt8691696,movie,2019.0
tt8692098,movie,2017.0
tt8692354,movie,2018.0
tt8692378,movie,2018.0
tt8692494,movie,2017.0
tt8692674,movie,2017.0
tt8692696,movie,2018.0
tt8692766,movie,2016.0
tt8692786,movie,2018.0
tt8693070,movie,2018.0
tt8693072,movie,2018.0
tt8693080,movie,2017.0
tt8693082,movie,2018.0
tt8693340,movie,2018.0
tt8693384,movie,2018.0
tt8693390,movie,2018.0
tt8693394,movie,2018.0
tt8693404,movie,2018.0
tt8693422,movie,2018.0
tt8693448,movie,2018.0
tt8693492,movie,2018.0
tt8693770,movie,2018.0
tt8693786,movie,2019.0
tt8693954,movie,2006.0
tt8694102,movie,2018.0
tt8694210,movie,2010.0
tt8694228,movie,2018.0
tt8694234,movie,2000.0
tt8694294,movie,2018.0
tt8694300,movie,2019.0
tt8694390,movie,2018.0
tt8694428,movie,2018.0
tt8694562,movie,2016.0
tt8694572,movie,2018.0
tt8694588,movie,2018.0
tt8694596,movie,2019.0
tt8694668,movie,2019.0
tt8694782,movie,2018.0
tt8695086,movie,2018.0
tt8695220,movie,2018.0
tt8695384,movie,2018.0
tt8695882,movie,2018.0
tt8695910,movie,2018.0
tt8695934,movie,2018.0
tt8696380,movie,2018.0
tt8696440,movie,2018.0
tt8696442,movie,2018.0
tt8696456,movie,2018.0
tt8696742,movie,2018.0
tt8696876,movie,2018.0
tt8696966,movie,2019.0
tt8697026,movie,2018.0
tt8697116,movie,2018.0
tt8697188,movie,2015.0
tt8697368,movie,2018.0
tt8697372,movie,2018.0
tt8697388,movie,2018.0
tt8697558,movie,2016.0
tt8697598,movie,2016.0
tt8697718,movie,2018.0
tt8697720,movie,2013.0
tt8697754,movie,2014.0
tt8697856,movie,2019.0
tt8697964,movie,2017.0
tt8698020,movie,2012.0
tt8698076,movie,2018.0
tt8698158,movie,2007.0
tt8698308,movie,2018.0
tt8698392,movie,2000.0
tt8698412,movie,2018.0
tt8698458,movie,2013.0
tt8698464,movie,2013.0
tt8698528,movie,2012.0
tt8698560,movie,2018.0
tt8698598,movie,2012.0
tt8698810,movie,2017.0
tt8698830,movie,2019.0
tt8699286,movie,2019.0
tt8699310,movie,2018.0
tt8700620,movie,2018.0
tt8700700,movie,2016.0
tt8700702,movie,2019.0
tt8700724,movie,2018.0
tt8700766,movie,2006.0
tt8700780,movie,2019.0
tt8700972,movie,2016.0
tt8701148,movie,2018.0
tt8701330,movie,2018.0
tt8701430,movie,2018.0
tt8701732,movie,2018.0
tt8702008,movie,2018.0
tt8702414,movie,2018.0
tt8702454,movie,2019.0
tt8702466,movie,2017.0
tt8702468,movie,2021.0
